[
{
  "model": "builds.build",
  "pk": 1,
  "fields": {
    "user": 1,
    "name": "spacestation",
    "description": "run a station",
    "date_created": "2025-12-28T12:11:34.060Z"
  }
},
{
  "model": "builds.build",
  "pk": 2,
  "fields": {
    "user": 1,
    "name": "Copy of spacestation",
    "description": "run a station",
    "date_created": "2025-12-28T12:42:39.790Z"
  }
},
{
  "model": "builds.build",
  "pk": 3,
  "fields": {
    "user": 1,
    "name": "sabid bhai er pc",
    "description": "",
    "date_created": "2025-12-28T19:54:48.529Z"
  }
},
{
  "model": "builds.build",
  "pk": 4,
  "fields": {
    "user": 3,
    "name": "Matha gorom Rizz er pc",
    "description": "Ei je tomar feature is back",
    "date_created": "2025-12-30T21:14:09.903Z"
  }
},
{
  "model": "builds.build",
  "pk": 5,
  "fields": {
    "user": 3,
    "name": "Copy of Matha gorom Rizz er pc",
    "description": "Ei je tomar feature is back",
    "date_created": "2025-12-30T21:46:58.069Z"
  }
},
{
  "model": "builds.build",
  "pk": 6,
  "fields": {
    "user": 3,
    "name": "Copy of Copy of Matha gorom Rizz er pc",
    "description": "Ei je tomar feature is back",
    "date_created": "2025-12-30T21:57:13.869Z"
  }
},
{
  "model": "builds.build",
  "pk": 7,
  "fields": {
    "user": 2,
    "name": "My Awesome Gaming PC",
    "description": "This is a test description for the build.",
    "date_created": "2025-12-30T21:59:05.863Z"
  }
},
{
  "model": "builds.build",
  "pk": 8,
  "fields": {
    "user": 3,
    "name": "Nayanbond er pc",
    "description": "hello pc",
    "date_created": "2025-12-30T22:07:13.959Z"
  }
},
{
  "model": "builds.build",
  "pk": 9,
  "fields": {
    "user": 4,
    "name": "gaming pc",
    "description": "sob khelbo",
    "date_created": "2025-12-30T22:22:03.743Z"
  }
},
{
  "model": "builds.build",
  "pk": 10,
  "fields": {
    "user": 5,
    "name": "apurbo pc",
    "description": "sob hobe",
    "date_created": "2025-12-30T22:43:46.714Z"
  }
},
{
  "model": "builds.buildcomponent",
  "pk": 1,
  "fields": {
    "build": 1,
    "component": 18,
    "quantity": 1
  }
},
{
  "model": "builds.buildcomponent",
  "pk": 2,
  "fields": {
    "build": 1,
    "component": 91,
    "quantity": 1
  }
},
{
  "model": "builds.buildcomponent",
  "pk": 3,
  "fields": {
    "build": 2,
    "component": 18,
    "quantity": 1
  }
},
{
  "model": "builds.buildcomponent",
  "pk": 4,
  "fields": {
    "build": 2,
    "component": 91,
    "quantity": 1
  }
},
{
  "model": "builds.buildcomponent",
  "pk": 5,
  "fields": {
    "build": 3,
    "component": 464,
    "quantity": 1
  }
},
{
  "model": "builds.buildcomponent",
  "pk": 7,
  "fields": {
    "build": 3,
    "component": 18,
    "quantity": 1
  }
},
{
  "model": "builds.buildcomponent",
  "pk": 8,
  "fields": {
    "build": 3,
    "component": 147,
    "quantity": 1
  }
},
{
  "model": "builds.buildcomponent",
  "pk": 9,
  "fields": {
    "build": 4,
    "component": 20,
    "quantity": 1
  }
},
{
  "model": "builds.buildcomponent",
  "pk": 10,
  "fields": {
    "build": 4,
    "component": 160,
    "quantity": 1
  }
},
{
  "model": "builds.buildcomponent",
  "pk": 11,
  "fields": {
    "build": 4,
    "component": 114,
    "quantity": 1
  }
},
{
  "model": "builds.buildcomponent",
  "pk": 12,
  "fields": {
    "build": 4,
    "component": 408,
    "quantity": 1
  }
},
{
  "model": "builds.buildcomponent",
  "pk": 13,
  "fields": {
    "build": 4,
    "component": 523,
    "quantity": 1
  }
},
{
  "model": "builds.buildcomponent",
  "pk": 14,
  "fields": {
    "build": 4,
    "component": 321,
    "quantity": 2
  }
},
{
  "model": "builds.buildcomponent",
  "pk": 15,
  "fields": {
    "build": 4,
    "component": 340,
    "quantity": 1
  }
},
{
  "model": "builds.buildcomponent",
  "pk": 16,
  "fields": {
    "build": 4,
    "component": 348,
    "quantity": 1
  }
},
{
  "model": "builds.buildcomponent",
  "pk": 17,
  "fields": {
    "build": 5,
    "component": 20,
    "quantity": 1
  }
},
{
  "model": "builds.buildcomponent",
  "pk": 18,
  "fields": {
    "build": 5,
    "component": 114,
    "quantity": 1
  }
},
{
  "model": "builds.buildcomponent",
  "pk": 19,
  "fields": {
    "build": 5,
    "component": 160,
    "quantity": 1
  }
},
{
  "model": "builds.buildcomponent",
  "pk": 20,
  "fields": {
    "build": 5,
    "component": 321,
    "quantity": 2
  }
},
{
  "model": "builds.buildcomponent",
  "pk": 21,
  "fields": {
    "build": 5,
    "component": 340,
    "quantity": 1
  }
},
{
  "model": "builds.buildcomponent",
  "pk": 22,
  "fields": {
    "build": 5,
    "component": 348,
    "quantity": 1
  }
},
{
  "model": "builds.buildcomponent",
  "pk": 23,
  "fields": {
    "build": 5,
    "component": 408,
    "quantity": 1
  }
},
{
  "model": "builds.buildcomponent",
  "pk": 24,
  "fields": {
    "build": 5,
    "component": 523,
    "quantity": 1
  }
},
{
  "model": "builds.buildcomponent",
  "pk": 25,
  "fields": {
    "build": 6,
    "component": 20,
    "quantity": 1
  }
},
{
  "model": "builds.buildcomponent",
  "pk": 26,
  "fields": {
    "build": 6,
    "component": 114,
    "quantity": 1
  }
},
{
  "model": "builds.buildcomponent",
  "pk": 27,
  "fields": {
    "build": 6,
    "component": 160,
    "quantity": 1
  }
},
{
  "model": "builds.buildcomponent",
  "pk": 28,
  "fields": {
    "build": 6,
    "component": 321,
    "quantity": 2
  }
},
{
  "model": "builds.buildcomponent",
  "pk": 29,
  "fields": {
    "build": 6,
    "component": 340,
    "quantity": 1
  }
},
{
  "model": "builds.buildcomponent",
  "pk": 30,
  "fields": {
    "build": 6,
    "component": 348,
    "quantity": 1
  }
},
{
  "model": "builds.buildcomponent",
  "pk": 31,
  "fields": {
    "build": 6,
    "component": 408,
    "quantity": 1
  }
},
{
  "model": "builds.buildcomponent",
  "pk": 32,
  "fields": {
    "build": 6,
    "component": 523,
    "quantity": 1
  }
},
{
  "model": "builds.buildcomponent",
  "pk": 33,
  "fields": {
    "build": 8,
    "component": 2,
    "quantity": 1
  }
},
{
  "model": "builds.buildcomponent",
  "pk": 34,
  "fields": {
    "build": 8,
    "component": 148,
    "quantity": 1
  }
},
{
  "model": "builds.buildcomponent",
  "pk": 35,
  "fields": {
    "build": 8,
    "component": 60,
    "quantity": 1
  }
},
{
  "model": "builds.buildcomponent",
  "pk": 36,
  "fields": {
    "build": 8,
    "component": 372,
    "quantity": 1
  }
},
{
  "model": "builds.buildcomponent",
  "pk": 37,
  "fields": {
    "build": 8,
    "component": 497,
    "quantity": 1
  }
},
{
  "model": "builds.buildcomponent",
  "pk": 38,
  "fields": {
    "build": 8,
    "component": 289,
    "quantity": 1
  }
},
{
  "model": "builds.buildcomponent",
  "pk": 39,
  "fields": {
    "build": 8,
    "component": 347,
    "quantity": 1
  }
},
{
  "model": "builds.buildcomponent",
  "pk": 40,
  "fields": {
    "build": 9,
    "component": 38,
    "quantity": 1
  }
},
{
  "model": "builds.buildcomponent",
  "pk": 41,
  "fields": {
    "build": 9,
    "component": 205,
    "quantity": 1
  }
},
{
  "model": "builds.buildcomponent",
  "pk": 43,
  "fields": {
    "build": 9,
    "component": 131,
    "quantity": 1
  }
},
{
  "model": "builds.buildcomponent",
  "pk": 44,
  "fields": {
    "build": 9,
    "component": 372,
    "quantity": 1
  }
},
{
  "model": "builds.buildcomponent",
  "pk": 45,
  "fields": {
    "build": 10,
    "component": 16,
    "quantity": 1
  }
},
{
  "model": "builds.buildcomponent",
  "pk": 46,
  "fields": {
    "build": 10,
    "component": 215,
    "quantity": 1
  }
},
{
  "model": "builds.buildcomponent",
  "pk": 47,
  "fields": {
    "build": 10,
    "component": 135,
    "quantity": 1
  }
},
{
  "model": "builds.wishlistitem",
  "pk": 1,
  "fields": {
    "user": 3,
    "component": 496,
    "date_added": "2025-12-30T20:42:50.793Z"
  }
},
{
  "model": "builds.wishlistitem",
  "pk": 2,
  "fields": {
    "user": 4,
    "component": 497,
    "date_added": "2025-12-30T22:21:20.803Z"
  }
},
{
  "model": "builds.wishlistitem",
  "pk": 3,
  "fields": {
    "user": 4,
    "component": 478,
    "date_added": "2025-12-30T22:21:22.011Z"
  }
},
{
  "model": "builds.wishlistitem",
  "pk": 4,
  "fields": {
    "user": 4,
    "component": 286,
    "date_added": "2025-12-30T22:21:24.634Z"
  }
}
]
